wtAA,position,mutAA,rel_rsa,mu,sigma_alea,sigma_laplace,sigma_knn,sigma_epi_full,sigma_total,y_true,abs_error,knn_dist
TRP,15,ASP,50,0.96591944,0.90848875,0.08911966,0.0,0.25154017331717615,0.9426687080250491,-0.19,1.1559194,0.33265641573265853
LEU,37,SER,52,0.8140864,0.8925076,0.13511239,0.0,0.3545296744935205,0.9603442686428818,-0.81,1.6240864,0.46354273057531203
LEU,121,ARG,49,0.45397684,0.85176545,0.14708835,0.0,0.37162710743373506,0.9293067875171859,-0.66,1.1139768,0.48264215717937164
ASP,22,MET,72,0.6202555,0.81687945,0.09855611,0.0,0.2150771700785558,0.8447190346836426,0.27,0.35025546,0.27035118666634933
ASN,23,ALA,8,0.5779315,1.0555004,0.08578995,0.0,0.19658958633864204,1.0736519410779242,2.3,1.7220684,0.2501501532207193
ILE,20,PHE,5,1.7036569,1.2959757,0.14608222,0.0,0.33942808260207913,1.3396881932674896,-0.91,2.613657,0.433292988596122
HIS,71,TYR,4,0.93597084,1.0789169,0.23380579,0.0,0.4869298351299663,1.1837070287341667,0.04,0.8959708,0.604045554708396
PHE,136,VAL,0,1.3824439,1.3217694,0.1271834,0.0,0.2964326397044322,1.3546019918369723,3.705,2.322556,0.37867319247491904
GLN,137,ASN,0,0.60308355,1.137799,0.100795455,0.0,0.228955028762527,1.1606063344965134,1.793,1.1899164,0.2907255778346745
ASN,138,GLY,9,0.43095478,1.042471,0.08953934,0.0,0.19639156736282506,1.0608088922721524,-0.765,1.1959548,0.2471936634396578
ASN,139,LYS,0,0.427028,1.0921227,0.08828206,0.0,0.19003809637410138,1.1085334702130498,0.43,0.0029720068,0.23799477052759643
ASN,139,VAL,0,0.36082745,1.08289,0.08670616,0.0,0.21556198106162272,1.104136668051382,2.032,1.6711726,0.2791021663094159
ARG,144,VAL,25,0.46255654,0.9978815,0.10368255,0.0,0.22886860667482875,1.0237911181931265,-0.765,1.2275565,0.28855075431197863
GLN,145,ASN,89,0.60308355,0.7348529,0.100795455,0.0,0.228955028762527,0.7696942175540256,-0.263,0.86608356,0.2907255778346745
ALA,147,LYS,1,0.6358256,1.1244698,0.12926611,0.0,0.28688253781720163,1.160488596390845,0.287,0.34882557,0.36219294361050797
ASP,160,ALA,58,0.71092206,0.91066897,0.09711496,0.0,0.25895629896119027,0.9467715414696709,0.263,0.44792205,0.339490940043196
ASP,160,ARG,58,0.61177444,0.9010208,0.10331698,0.0,0.24382262551789877,0.9334280799112078,0.669,0.057225585,0.31233019169463144
ASP,160,ASN,58,0.62005144,0.89613825,0.10285538,0.0,0.2524389878055929,0.9310151410322719,-0.072,0.6920514,0.32602519584574496
ASP,160,CYS,58,0.7175481,0.9119772,0.09773939,0.0,0.25185276254285915,0.9461142455172098,0.096,0.62154806,0.328258510462153
ASP,160,GLN,58,0.5924677,0.888695,0.09180164,0.0,0.21557430140616082,0.9144676637517944,0.478,0.11446774,0.27584320808665386
ASP,160,GLU,58,0.62309253,0.8954896,0.09307531,0.0,0.23184150544327944,0.9250146282894149,0.359,0.26409253,0.3002914253479274
ASP,160,GLY,58,0.6761376,0.90499693,0.096863754,0.0,0.2610938971392755,0.9419073521103959,0.669,0.0071375966,0.342891925239288
ASP,160,HIS,58,0.7481135,0.91506654,0.09342092,0.0,0.24733863993539057,0.9479046339301006,-0.048,0.7961135,0.3238794042691926
ASP,160,ILE,58,0.59013736,0.8924879,0.10596995,0.0,0.23593813717332598,0.9231475518282584,0.932,0.34186262,0.2981180102346597
ASP,160,LEU,58,0.61221904,0.899691,0.09951341,0.0,0.2355301327106145,0.9300098571859929,0.55,0.062219024,0.30189907155662143
ASP,160,LYS,58,0.6758344,0.9036858,0.09312047,0.0,0.2468488202037922,0.9367936838385803,0.335,0.3408344,0.3233045575872362
ASP,160,MET,58,0.6316422,0.8953425,0.098720275,0.0,0.24606125987580552,0.9285388463571405,0.502,0.12964225,0.3187489632215629
ASP,160,PHE,58,0.6231447,0.89683527,0.10454561,0.0,0.24796376683995036,0.9304834821314625,0.359,0.2641447,0.31798190470293264
ASP,160,PRO,58,0.622214,0.8977501,0.0950012,0.0,0.23699261339692285,0.9285045664908876,0.645,0.022785962,0.30705136875198047
ASP,160,SER,58,0.62976354,0.9007972,0.09540563,0.0,0.23818349805626518,0.9317547740687567,0.287,0.34276354,0.3086394176406047
ASP,160,THR,58,0.6820341,0.9099385,0.09712273,0.0,0.253135774373842,0.9444923548651919,0.741,0.05896592,0.3305900662128337
ASP,160,TRP,58,0.60843974,0.89920586,0.0965536,0.0,0.22492671314437468,0.9269105599385314,0.167,0.44143975,0.2872957629669679
ASP,160,TYR,58,0.6777093,0.9063683,0.096274406,0.0,0.2602889849127299,0.9430025851920032,0.072,0.6057093,0.3419988157457478
ASP,160,VAL,58,0.600105,0.8935865,0.09914615,0.0,0.2358144692295669,0.9241781788607436,1.123,0.52289504,0.30258388918517476
CYS,67,ALA,0,1.0998538,1.1900388,0.0909879,0.0,0.194081520467506,1.2057611412523184,2.09,0.99014616,0.24244108235343592
CYS,67,SER,0,1.0282378,1.1815131,0.085552305,0.0,0.20320537372891437,1.198860087862393,1.99,0.9617622,0.2606654056587874
HIS,33,ALA,36,0.29067212,0.911278,0.07337983,0.0,0.17243445224477827,0.9274487734388757,2.13,1.839328,0.22067642131547366
HIS,33,TYR,36,0.25380152,0.9073658,0.08839288,0.0,0.19190590093029203,0.9274376392009527,-0.085,0.33880153,0.2408923948286052
VAL,43,ALA,41,1.0207473,1.0319592,0.07238874,0.0,0.21343773279217382,1.0538004569648893,0.93,0.0907473,0.28395611094868506
VAL,43,ASN,41,0.9308145,1.0170509,0.08091102,0.0,0.20061387904225286,1.0366476761881194,0.24,0.6908145,0.2596125389621379
VAL,43,GLY,41,0.98245674,1.0264659,0.08119032,0.0,0.21857459139650706,1.0494794478087919,1.15,0.16754323,0.28699471893620043
GLN,55,ALA,5,0.7833857,1.0782152,0.090028875,0.0,0.19831674590747267,1.0963017818524587,0.41,0.3733857,0.24989731032810739
ILE,60,TRP,28,1.2503083,1.0913632,0.08263053,0.0,0.17840712922160795,1.1058493386710726,0.93,0.32030827,0.2236126071198954
TYR,104,ALA,4,1.002302,1.1356035,0.076439515,0.0,0.183716391876318,1.1503682359002898,2.495,1.4926978,0.23625711878748673
TYR,104,PRO,4,0.9108283,1.1232508,0.08207649,0.0,0.19406784378964856,1.1398924215644968,0.26,0.6508283,0.24869972864092996
TRP,105,TYR,0,0.6511213,1.1072984,0.08900376,0.0,0.17409643958849746,1.1209011166894596,2.44,1.7888787,0.21160293748678205
ALA,107,SER,8,0.8064889,1.0880513,0.11176907,0.0,0.22523722267035523,1.1111199121991282,1.075,0.26851118,0.2765482973659592
HIS,108,ALA,9,0.46254694,1.027938,0.073988155,0.0,0.18440817477939977,1.0443481095737521,0.795,0.33245307,0.2388812587337284
HIS,108,TRP,9,0.35892737,1.0176293,0.08665138,0.0,0.18339830224637024,1.0340233302276813,1.72,1.3610727,0.22858904568345953
HIS,108,TYR,9,0.42539132,1.0238731,0.08443741,0.0,0.1841249642810878,1.040297132348682,0.195,0.23039132,0.2313971770043909
LEU,111,ARG,51,1.2702168,1.0160114,0.066467986,0.0,0.15324088243038178,1.0275027502857275,-0.43,1.7002168,0.1952678924951175
LEU,111,GLU,51,1.2831317,1.0118518,0.060962558,0.0,0.14696154310092924,1.0224684341474677,0.195,1.0881317,0.18910981851733116
LEU,111,HIS,51,1.3952011,1.0326084,0.059474632,0.0,0.13834371143617077,1.0418344921654255,-1.395,2.7902012,0.1766451269504731
LYS,115,ASN,91,0.27328372,0.58197236,0.07643883,0.0,0.16845302133985898,0.6058615774528022,-2.66,2.9332838,0.21229001899668942
LYS,115,GLN,91,0.24911702,0.573958,0.07169735,0.0,0.1741018700870474,0.599782635699251,0.6,0.350883,0.22437001453586003
LYS,115,GLU,91,0.28119886,0.5807866,0.06861365,0.0,0.1552538839432806,0.6011795276550925,0.683,0.40180117,0.19695652138865635
GLN,118,ALA,61,0.4050704,0.80809456,0.08216125,0.0,0.19792604618382845,0.8319804837895939,0.98,0.5749296,0.2546536816906949
TRP,119,HIS,4,0.90229696,1.0866052,0.07617782,0.0,0.19880103369550775,1.1046414094808805,0.6,0.30229694,0.2596874706713601
TRP,119,TYR,4,0.8398954,1.0784988,0.078774445,0.0,0.19607879253756877,1.0961781884954758,1.185,0.34510452,0.25393495174204905
PHE,39,ALA,3,1.1798284,1.1900802,0.08354498,0.0,0.19690575701048355,1.2062597718502241,1.697,0.5171716,0.2521591308520418
TYR,45,ALA,18,1.0418444,1.1340015,0.11529362,0.0,0.22633603917575523,1.1563681790906704,0.55,0.49184436,0.27544648362703444
TYR,48,ALA,50,1.1081759,1.0237843,0.11860905,0.0,0.2261262964213572,1.0484594935708125,1.482,0.37382412,0.2722682310242852
LEU,50,SER,24,1.3668636,1.1194615,0.09582494,0.0,0.22155205068837575,1.1411745724771685,2.81,1.4431363,0.28249917357868404
LEU,54,SER,31,1.3595233,1.0869145,0.08777033,0.0,0.18556260918468626,1.1026408001118444,0.24,1.1195233,0.23121354490494714
LEU,81,ASN,0,1.1664919,1.1708182,0.09731165,0.0,0.20760655494099076,1.1890818974124853,6.84,5.673508,0.25934889281019446
ILE,88,ASN,3,0.9618265,1.0857382,0.10596504,0.0,0.25894532911055496,1.1161899876114572,0.13,0.8318265,0.33413797786881155
CYS,6,ALA,0,1.4565507,1.2560107,0.105000705,0.0,0.2102988668183219,1.273494571003563,-0.1,1.5565507,0.2576837788499408
CYS,111,SER,27,1.2900245,1.1111361,0.11062553,0.0,0.22455606596004077,1.133599955415875,-0.8,2.0900245,0.2763599816204165
ARG,100,LEU,20,0.30867198,0.946327,0.09567161,0.0,0.2171594562398414,0.9709237782822203,5.22,4.911328,0.2756997371946922
GLU,140,LYS,26,0.64555484,0.9486544,0.11916105,0.0,0.24700501816681472,0.9802839784925499,3.48,2.8344452,0.3059807947647136
SER,22,GLU,51,-0.0645937,0.8108429,0.14789031,0.0,0.29645723777130123,0.8633383270763478,-0.239,0.17440629,0.36336028788592367
SER,27,GLU,12,0.012873281,0.9599574,0.14327367,0.0,0.27702108748429966,0.9991290953185196,0.645,0.6321267,0.33530088152760446
ASN,32,ASP,71,0.51085806,0.8349197,0.09984619,0.0,0.2101230722302726,0.8609544527238401,0.86,0.34914196,0.26146679742276413
ASN,54,GLU,11,0.3506021,1.0518011,0.10382652,0.0,0.23578381706363002,1.0779051815633403,0.645,0.2943979,0.2993795629184803
ASN,181,ARG,20,0.40124154,1.0221956,0.12022696,0.0,0.2571537293776779,1.0540454865751674,-0.358,0.7592416,0.3214763450873694
TRP,36,ALA,0,1.2798685,1.2069751,0.1654338,0.0,0.3668813145479089,1.26150338742262,8.93,7.6501317,0.4631059413579065
TRP,36,PHE,0,1.2103899,1.1943604,0.16361246,0.0,0.3645445471102059,1.2487551685513334,4.25,3.0396101,0.4607031373903262
PHE,42,TRP,1,0.6760675,1.1203891,0.19843228,0.0,0.6810684054685936,1.3111544399266384,-2.87,3.5460672,0.9213889522851095
TRP,101,PHE,0,0.9297848,1.1746131,0.15780012,0.0,0.33810333348136357,1.22230511068466,2.89,1.9602153,0.4228781961754411
HIS,22,LYS,52,0.506436,0.83856714,0.16732854,0.0,0.38681574884066455,0.9234832322218096,-0.3,0.806436,0.49320905299369733
HIS,22,TRP,52,0.43960384,0.835849,0.17313927,0.0,0.3981921800263763,0.9258512395668274,-1.2,1.6396039,0.5071090732641281
VAL,25,ILE,0,0.24357405,0.9410023,0.13926753,0.0,0.45422190175377075,1.044893720489541,-0.4,0.64357406,0.6114279837037188
THR,30,MET,0,0.64268345,1.0124329,0.20634267,0.0,0.5325718364158076,1.1439638285799296,-0.5,1.1426835,0.6943420834831605
ALA,33,TYR,30,0.38558385,0.95567393,0.14131752,0.0,0.32919922153860326,1.0107842504859026,-0.5,0.8855839,0.42047945709986695
THR,50,MET,0,0.2606819,1.0160037,0.19733395,0.0,0.48178651972136954,1.1244473166693896,0.5,0.2393181,0.6215747161085287
THR,54,TYR,15,0.30105457,0.9617516,0.19757132,0.0,0.49360175529276007,1.0810221041709303,-0.2,0.5010546,0.6397003406134668
ALA,81,MET,0,0.70545423,1.0518163,0.18485937,0.0,0.4335375826093522,1.1376609665825983,0.4,0.30545422,0.5545842583990422
VAL,88,LEU,0,1.0372444,1.1741271,0.23052491,0.0,0.5442686221542282,1.2941417324268785,0.2,0.83724445,0.6972612101178801
VAL,90,ILE,0,1.0074757,1.1650168,0.22064416,0.0,0.5322484037333923,1.280840507314388,0.7,0.30747575,0.6849883484702549
ASN,107,PHE,1,-0.27818954,0.9199764,0.22179754,0.0,0.5195571071871516,1.056549202807895,-0.9,0.62181044,0.664447803338963
ASN,107,TYR,1,-0.26339474,0.9218774,0.21482657,0.0,0.5122813660191534,1.0546516601888811,-0.8,0.53660524,0.6576955843799905
ASP,109,GLU,0,0.1882314,0.97562313,0.18299726,0.0,0.5385716505526082,1.1144056454828517,-0.3,0.48823142,0.7163399033351803
MET,111,PHE,0,0.522654,1.0507969,0.24806082,0.0,0.5862759330423898,1.2032844582935964,-2.9,3.4226542,0.7512460261167238
VAL,120,ILE,0,1.0074757,1.1650168,0.22064416,0.0,0.5322484037333923,1.280840507314388,-1.4,2.4074757,0.6849883484702549
ASN,124,PHE,3,-0.27818954,0.9001645,0.22179754,0.0,0.5195571071871516,1.0393438824027932,-1.1,0.8218105,0.664447803338963
ASN,124,TYR,3,-0.26339474,0.9016682,0.21482657,0.0,0.5122813660191534,1.037033126261061,-2.6,2.336605,0.6576955843799905
VAL,18,ALA,24,1.7761862,1.2372987,0.09606651,0.0,0.18433538135003164,1.2509546916555492,1.22,0.5561862,0.22248935947468493
THR,19,ALA,62,1.0853941,0.9033815,0.09059355,0.0,0.18260213306638146,0.9216516112889667,1.63,0.54460585,0.22421573637263173
ILE,20,ALA,1,2.1062546,1.439175,0.14381085,0.0,0.19305311585658522,1.452065492677785,4.9,2.7937455,0.182142501917679
ILE,20,VAL,1,2.0415764,1.4198637,0.13921043,0.0,0.21151102775805364,1.4355311985085752,0.56,1.4815764,0.22519933330315345
LYS,21,ALA,41,0.67484343,0.9217038,0.09901287,0.0,0.214109789955367,0.9462456928227709,0.92,0.24515659,0.26847515576237446
ALA,22,GLY,0,1.9152297,1.3937076,0.12852606,0.0,0.25360518715998126,1.416593290407344,2.43,0.5147704,0.30918164310773083
ASN,23,ALA,9,0.9334105,1.0917876,0.08953433,0.0,0.17432755728010413,1.1056175866491045,1.87,0.9365895,0.21153581688849893
LEU,24,ALA,1,2.1951215,1.4830203,0.122845836,0.0,0.20228866390238376,1.49675310873443,3.12,0.92487836,0.22728662388449766
ILE,25,ALA,22,1.3326796,1.1225715,0.09481169,0.0,0.189932955963543,1.138525877093313,1.37,0.037320375,0.23274565526795543
ILE,25,VAL,22,1.2503009,1.1023356,0.08968988,0.0,0.20206982101324827,1.1207033029026174,0.47,0.78030086,0.2560778711270146
PHE,26,ALA,13,1.6986613,1.270908,0.12919955,0.0,0.20643751120445716,1.2875650046946263,3.12,1.4213386,0.22770122142436056
PHE,26,LEU,13,1.6299746,1.2567571,0.1357783,0.0,0.20594338515443428,1.273519236231015,0.68,0.9499746,0.2189837131850773
ALA,27,PRO,63,1.0904669,0.92504233,0.10023489,0.0,0.21919039708051524,0.9506564702612113,-0.1,1.1904669,0.27567153187504917
ALA,27,VAL,63,1.0643479,0.9184278,0.09713476,0.0,0.21887261448076373,0.9441477084873482,0.83,0.23434788,0.27738081916902974
ASN,28,ALA,80,0.72115964,0.80740905,0.14046593,0.0,0.33329312496257607,0.8734950821247915,1.78,1.0588403,0.4274426963211013
GLY,29,ALA,70,1.1415302,0.92358434,0.107537106,0.0,0.1997703485491026,0.9449424448105412,1.52,0.37846982,0.2380922656270877
GLY,29,VAL,70,1.0387772,0.9037116,0.106630184,0.0,0.22139271862051627,0.930435066371776,2.53,1.4912227,0.27438928581613564
SER,30,ALA,49,0.3899428,0.8381063,0.10675707,0.0,0.24255070348788238,0.8724981293912757,0.3,0.08994278,0.30800575205153635
THR,31,ALA,61,0.9372747,0.89858496,0.07542242,0.0,0.14827512712511567,0.9107362170139555,1.17,0.23272526,0.18053792817662168
THR,33,ALA,49,1.001186,0.9821414,0.100837216,0.0,0.16741950481652182,0.9963086801441492,1.11,0.108814,0.18900341855964092
ALA,34,GLY,5,1.4737756,1.242273,0.09514706,0.0,0.18283639485332112,1.2556557028835171,2.17,0.69622445,0.2207993895744121
ALA,34,VAL,5,1.417331,1.2275404,0.095915936,0.0,0.1701046101545365,1.239270328463497,-1.47,2.887331,0.1986741622396285
GLU,35,ALA,69,1.0114502,0.8892888,0.113049105,0.0,0.16637289811233638,0.9047179048275049,0.59,0.4214502,0.17262584464155342
PHE,36,ALA,11,2.100644,1.3896106,0.11595588,0.0,0.19650806182359037,1.4034362026197562,4.15,2.049356,0.22436422464509304
PHE,36,LEU,11,2.0351849,1.3771799,0.11748294,0.0,0.15842004783381258,1.3862616052757142,3.12,1.084815,0.15029751131003713
LYS,37,ALA,57,0.5680564,0.861324,0.08157846,0.0,0.1804945391431759,0.8800325702062366,0.88,0.3119436,0.22769819004769273
GLY,38,ALA,29,1.6890725,1.2127527,0.095048234,0.0,0.17557901171085655,1.2253967342455963,2.08,0.39092743,0.20877654677103438
THR,39,ALA,54,0.99825794,0.95079994,0.0842585,0.0,0.14575446771626432,0.9619069147927324,1.25,0.25174206,0.1681955440623559
PHE,40,GLY,40,1.8168505,1.1943302,0.110529445,0.0,0.22312906012634295,1.2149943209779093,3.08,1.2631494,0.2741161015284338
PHE,40,LEU,40,1.7757746,1.1864228,0.11261026,0.0,0.21832837842304922,1.2063442180218233,0.38,1.3957746,0.2645230086059501
LYS,42,GLY,64,0.7642017,0.8795843,0.089947835,0.0,0.21552083195502728,0.9056035645989813,-0.16,0.9242017,0.27697875585217824
ALA,43,GLY,2,1.3411027,1.2348809,0.11441517,0.0,0.17136596946560778,1.246714582200104,2.54,1.1988972,0.18041876396101167
THR,44,ALA,23,1.1379058,1.1091133,0.07930355,0.0,0.18229852232007582,1.1239951479543722,1.09,0.047905803,0.23213658909111926
SER,45,ALA,50,0.3974755,0.8548477,0.09845852,0.0,0.2392408152192129,0.8876940887059115,-0.41,0.8074755,0.3083572177424603
SER,45,GLY,50,0.36166227,0.8482444,0.09785497,0.0,0.2539868693411489,0.8854535175220077,0.82,0.45833772,0.3314626184609285
GLU,46,GLY,47,1.1310387,0.9915782,0.09960559,0.0,0.22515719084748345,1.016820108357336,1.19,0.05896139,0.28556781111926777
GLU,46,ILE,47,1.0649291,0.97690713,0.10533596,0.0,0.2113830674946012,0.99951505846206,1.08,0.015070915,0.25918000575203487
ALA,47,GLY,0,1.3573437,1.242795,0.091197506,0.0,0.15264614005518667,1.2521342485786335,3.1,1.7426562,0.17311186945784227
TYR,48,ALA,52,1.2627758,1.0011872,0.083035834,0.0,0.16404306020785994,1.01453731658481,2.82,1.5572242,0.20007586450515027
ALA,49,GLY,53,0.96965843,0.9282626,0.090845,0.0,0.19988956870017394,0.949540566499951,1.32,0.35034162,0.25180558080798987
TYR,50,ALA,44,1.5114858,1.0784951,0.087124154,0.0,0.19630672460328563,1.0962153397723926,2.46,0.9485142,0.24877987113083294
ALA,51,GLY,0,1.4006718,1.2354958,0.08471427,0.0,0.19897134498479155,1.251415005053082,3.12,1.719328,0.2546098502782588
ASP,52,ALA,58,0.97405225,0.9032455,0.07518441,0.0,0.1853002096068065,0.9220567395370625,1.21,0.23594779,0.23951397364698823
ASP,52,GLY,58,0.9370604,0.8971741,0.07215791,0.0,0.1880377894772509,0.9166676600042076,2.14,1.2029397,0.24556647190313008
THR,53,GLY,83,0.8032578,0.7358821,0.086973466,0.0,0.17808403090376324,0.7571237450757027,0.17,0.6332578,0.21977050986883356
LEU,54,ALA,25,1.8124484,1.2346324,0.12274234,0.0,0.2069774525262124,1.251861338648109,2.44,0.6275517,0.23568616703125317
LYS,55,ALA,48,0.83762616,0.9225073,0.10091553,0.0,0.16784651203219203,0.9376524580575701,-0.58,1.4176261,0.18967608265579003
LYS,56,ALA,81,0.9976688,0.8170261,0.08802963,0.0,0.19828561065413972,0.8407430005225749,-0.35,1.3476688,0.2512686499629092
ASN,58,ALA,22,0.8579961,1.0499012,0.09640279,0.0,0.206488528479507,1.0700140977071895,0.34,0.5179961,0.25824025938996437
GLY,59,ALA,61,1.358153,0.98460793,0.09149667,0.0,0.185548567538647,1.001938655448621,2.23,0.87184703,0.2282832929448706
GLU,60,ALA,63,1.0249654,0.9031914,0.11135723,0.0,0.17822077373550999,0.9206070583146992,0.23,0.7949654,0.1967852262360874
THR,62,ALA,61,1.1309247,0.9439782,0.09986073,0.0,0.1900282612848763,0.9629151280861014,0.97,0.16092467,0.2286419719980596
VAL,63,ALA,35,2.0161514,1.2676519,0.1083042,0.0,0.21300864417974552,1.2854236752328447,0.92,1.0961514,0.2593949974573358
ASP,64,ALA,49,0.95901275,0.96247375,0.11219365,0.0,0.20644626949212896,0.9843656748147824,0.2,0.75901276,0.24508221939902636
VAL,65,ALA,70,1.9489318,1.110134,0.11023248,0.0,0.17555702809508683,1.1239296358840756,1.14,0.8089318,0.19323079837647378
ALA,66,GLY,49,0.9788179,0.97636294,0.11472929,0.0,0.20380400713030788,0.9974069854182289,0.49,0.48881787,0.23821529324099117
LYS,68,ALA,85,0.676869,0.7554866,0.10344311,0.0,0.2140902721650517,0.7852354145787616,0.09,0.586869,0.2650817544828584
GLY,69,ALA,30,1.2181722,1.0984036,0.11154983,0.0,0.17847992582793779,1.1128097237968646,2.04,0.82182777,0.1970366381887724
TYR,70,ALA,2,1.8422941,1.3557252,0.123119906,0.0,0.20484557792879513,1.3711135881465857,1.66,0.18229413,0.2315305556454097
TYR,70,LEU,2,1.7682785,1.3417751,0.12585992,0.0,0.20461785152815928,1.3572872898405097,-0.43,2.1982784,0.22815672964579395
THR,71,ALA,18,1.225305,1.1316735,0.08441801,0.0,0.16544700968697845,1.143703432613806,1.83,0.6046951,0.2012277905053094
LEU,72,ALA,2,2.455236,1.5612317,0.15762576,0.0,0.32668662472335575,1.5950450148018418,3.77,1.314764,0.404668426054967
ASN,73,ALA,27,1.0135055,1.0486966,0.082087345,0.0,0.16737237744446276,1.0619689723463708,1.73,0.71649456,0.2062773891205681
ILE,74,ALA,0,2.264728,1.5160011,0.12653597,0.0,0.24830769563289176,1.536201799888537,4.72,2.4552717,0.3021435420161026
ILE,74,VAL,0,2.1977923,1.4961482,0.11839652,0.0,0.2057549301781448,1.5102300084390394,1.69,0.50779223,0.2379804813566381
LYS,75,ALA,45,0.77886146,0.9463594,0.094287306,0.0,0.18560797866137627,0.964389137600416,0.45,0.32886147,0.22609832217235634
PHE,76,LEU,0,2.0050879,1.4403123,0.13192192,0.0,0.19205143280697945,1.4530599166967673,3.34,1.3349121,0.19738469474289436
PHE,76,VAL,0,1.9923095,1.4333037,0.1311762,0.0,0.18879883126298258,1.4456847632597587,3.73,1.7376906,0.1920302103383008
ALA,19,ASP,62,0.44213772,0.8397752,0.121025234,0.0,0.21428188736306636,0.8666828113515546,0.24,0.20213772,0.2500784664081032
ALA,19,GLY,62,0.44046217,0.8372417,0.118720785,0.0,0.2211020519206908,0.86594445948898,-0.06,0.5004622,0.2637858703387279
ALA,19,LYS,62,0.4304942,0.8343952,0.117845766,0.0,0.21159014555562164,0.8608052402524146,0.46,0.02950582,0.24852672065569248
ARG,39,LYS,17,0.76910573,1.0226011,0.119634405,0.0,0.2997382597064761,1.065624742292809,-0.413,1.1821058,0.3886660111041877
SER,128,GLY,0,0.10187556,0.98683226,0.10493135,0.0,0.2354732903212789,1.0145371272345836,0.378,0.27612442,0.29811770262090487
VAL,183,THR,7,0.9276753,1.0738347,0.11864395,0.0,0.26046267977314186,1.1049713493630446,-0.354,1.2816753,0.3279159096705976
